competition_time,team1,team2,净胜球
0,2018/6/30 22:00,法国,阿根廷,0.4058930118076478
0,2018/7/1 2:00,乌拉圭,葡萄牙,-0.4084750411144788
0,2018/7/1 22:00,西班牙,俄罗斯,0.6604406207247315
0,2018/7/2 2:00,克罗地亚,丹麦,-0.04453010475997413
0,2018/7/2 22:00,巴西,墨西哥,0.4879594270913379
0,2018/7/3 2:00,比利时,日本,0.5771518562022625
0,2018/7/3 22:00,瑞典,瑞士,0.20093661552617126
0,2018/7/4 2:00,哥伦比亚,英格兰,0.07710549132292803
